frame,a0,a1,a2,a3,a4,a5,a6
0,-0.007994,0.004401,0.248756,-0.004213,-0.099833,0.029836,1.000000
1,-0.131235,-0.000814,0.520296,0.097561,-0.333807,0.027031,1.000000
2,-0.093070,0.029659,0.793515,-0.137708,0.209339,-0.012091,1.000000
3,-0.067130,0.021158,0.580464,-0.108115,0.186137,-0.001844,1.000000
4,-0.065926,0.009884,0.582968,-0.020205,0.016606,-0.008070,1.000000
5,-0.016668,0.133146,0.575230,-0.191598,0.225372,0.002343,1.000000
6,-0.176478,0.153621,0.573146,0.005491,0.072557,0.042962,1.000000
7,-0.007591,0.083597,0.350541,0.036465,0.024712,-0.048297,1.000000
8,0.065676,0.069457,0.324560,-0.036361,0.115618,0.019797,1.000000
9,0.075653,0.120947,0.317522,-0.074524,0.104480,0.012097,1.000000
10,-0.032091,0.058831,0.257435,0.104969,-0.115419,0.042324,1.000000
11,0.026160,0.018464,0.250376,0.218815,-0.202576,-0.061405,-1.000000
12,-0.015820,0.042643,0.216517,0.017020,-0.242066,-0.048891,-1.000000
13,-0.049047,0.026628,0.227041,-0.021782,-0.280566,-0.014609,-1.000000
14,-0.152779,-0.030226,0.187147,0.109921,-0.615725,0.032307,-1.000000
15,-0.198149,-0.055722,0.152681,0.197934,-0.684626,0.095222,-1.000000
16,0.034100,0.020204,-0.090309,-0.028905,-0.256171,-0.014267,-1.000000
17,-0.016662,0.034985,-0.029227,0.010285,-0.371061,-0.024658,-1.000000
18,0.035760,-0.014758,-0.075513,-0.002614,-0.321605,0.078292,-1.000000
19,0.294683,-0.170459,-0.054608,0.011969,-0.300998,0.165186,-1.000000
20,0.725693,-0.405733,-0.217266,-0.211276,0.015338,0.136187,-1.000000
21,0.739151,-0.389950,0.240019,-0.095009,-0.061135,0.108183,-1.000000
22,0.665436,-0.455867,0.440117,-0.218317,0.026449,0.254569,-1.000000
23,0.404940,-0.401224,0.580962,-0.114258,0.064594,0.155625,-1.000000
24,0.233174,-0.221958,0.484137,-0.080783,0.178150,0.102021,-1.000000
25,0.135116,-0.136786,0.360454,-0.055488,-0.097391,0.129671,-1.000000
26,0.053347,-0.002730,0.329184,-0.010592,-0.016451,0.101406,-1.000000
27,0.030552,0.061065,0.204826,0.147488,-0.065163,-0.078681,1.000000
28,-0.147155,0.168530,0.235315,0.012866,-0.355888,-0.049927,1.000000
29,-0.102075,0.163595,0.171601,0.023091,-0.304305,-0.043486,1.000000
30,-0.089115,-0.009879,0.017703,0.082861,-0.548295,0.084114,1.000000
31,-0.116722,-0.072545,-0.085525,-0.026000,-0.429761,0.245725,1.000000
32,-0.011171,-0.011960,0.186673,-0.008701,-0.050553,0.027516,1.000000
33,-0.007994,0.004401,0.248756,-0.004213,-0.099833,0.029836,1.000000
34,-0.020589,0.004250,0.259177,-0.002805,-0.116606,0.030420,1.000000
35,-0.004507,-0.007905,0.217255,0.028921,-0.063292,0.035421,1.000000
36,-0.882634,-0.443316,-0.540333,0.688004,0.480003,0.189518,1.000000
37,-0.532508,-0.398725,0.116149,0.285147,0.154068,0.192620,1.000000
38,-0.388518,-0.298227,0.370340,0.095973,0.120017,0.116963,1.000000
39,-0.360086,-0.303629,0.653495,-0.063223,0.239152,0.189650,1.000000
40,-0.346899,-0.319302,0.675370,0.058904,0.281817,0.029141,1.000000
41,-0.347844,-0.111540,0.586436,0.121298,-0.066440,-0.035107,1.000000
42,-0.160467,-0.003086,0.293366,0.027693,0.157393,-0.021675,1.000000
43,-0.314222,0.041719,0.543191,-0.038696,-0.002347,-0.055756,1.000000
44,-0.139828,0.063217,0.431800,0.008747,0.091437,-0.050109,1.000000
45,-0.081230,-0.001469,0.409680,0.029266,0.194512,0.061829,1.000000
46,-0.024547,-0.025795,0.373486,-0.013085,0.227577,-0.020016,1.000000
47,-0.212761,-0.006765,0.462057,-0.008532,-0.126380,-0.018338,1.000000
48,0.055284,0.010059,0.286271,0.025917,0.136289,0.084261,1.000000
49,0.062932,0.002477,0.322359,0.019332,0.135763,-0.051887,1.000000
50,0.003493,-0.019316,0.359971,0.041933,0.010063,0.035055,1.000000
51,-0.177130,0.062779,0.403096,-0.014570,-0.357493,-0.020495,1.000000
52,-0.015850,0.113367,0.229602,-0.079987,-0.288229,-0.017309,1.000000
53,-0.021164,0.079051,0.212528,-0.014603,-0.497684,-0.107358,-1.000000
54,-0.013146,0.059122,0.151604,0.012864,-0.501495,0.006666,-1.000000
55,0.074452,0.146198,0.017228,-0.160884,-0.672446,-0.035866,-1.000000
56,0.050027,-0.051531,-0.229309,-0.028264,-0.463537,0.134998,-1.000000
57,0.177093,-0.114566,-0.462882,0.030516,-0.388050,0.099823,-1.000000
58,0.209057,-0.125447,-0.316727,0.027463,-0.456613,0.215079,-1.000000
59,0.385752,-0.319861,-0.484682,0.096041,-0.078531,0.113192,-1.000000
60,0.598000,-0.349675,0.174612,-0.098436,-0.173804,0.210417,-1.000000
61,0.621068,-0.414459,0.543854,-0.207984,0.101891,0.210586,-1.000000
62,0.305673,-0.302578,0.667507,-0.106465,0.200302,0.094351,-1.000000
63,0.228521,-0.122114,0.637333,-0.026191,0.225508,0.053496,-1.000000
64,0.158647,-0.009947,0.399296,0.031087,0.163611,0.061322,-1.000000
65,0.112513,0.016594,0.254693,0.074545,0.112616,0.025204,-1.000000
66,0.056768,0.103713,0.260649,-0.019040,-0.066992,-0.039727,-1.000000
67,-0.033348,0.127774,0.241130,-0.111510,-0.270836,0.029009,1.000000
68,-0.078357,0.197753,0.195319,-0.088418,-0.574812,-0.009418,1.000000
69,-0.119297,0.341372,0.085721,0.017952,-0.611059,-0.046156,1.000000
70,-0.015680,0.408221,-0.387253,0.232211,0.142525,-0.102680,1.000000
71,-0.166829,0.447130,0.254133,-0.070875,-0.247470,-0.094690,1.000000
72,-0.093908,0.290451,0.024807,0.019390,0.030324,-0.103423,1.000000
73,-0.044571,0.155168,0.322816,-0.046177,-0.126182,-0.063869,1.000000
74,0.052143,0.112202,0.255591,-0.317271,0.033545,0.078831,1.000000
75,0.016998,-0.107705,0.261711,-0.050429,-0.011836,0.034445,1.000000
